_key,lat,lng
601177,31.7546282,-82.3563779
601195,31.7231453,-82.3398906
601277,31.7546733,-82.3538567
602103,31.3209753,-82.8500112
602111,31.3209753,-82.8500112
602187,31.3379996,-83.0531696
602190,31.3004156,-82.8531864
603102,31.5591655,-82.4792524
603202,31.5228865,-82.4583601
603302,31.5478958,-82.4610593
604105,31.310212,-84.3441617
605100,33.0806377,-83.2697256
605189,33.0720676,-83.2584489
605300,33.0865664,-83.2614817
605301,33.0799486,-83.2714293
605302,33.0801767,-83.2685801
605303,33.0192797,-83.2278226
606105,34.3149712,-83.4803759
606107,34.3307786,-83.5080199
606199,34.3082408,-83.4984395
606205,34.3312797,-83.5095297
607101,33.948815,-83.78646
607105,34.0262758,-83.7385903
607106,33.9476596,-83.7893625
607114,33.9691866,-83.5881046
607189,33.9762937,-83.7585059
607193,34.0380012,-83.8092619
607198,33.9780065,-83.7614927
607205,33.9224047,-83.7191664
607289,34.0055274,-83.7346894
607298,33.9495938,-83.7898601
607299,34.0044243,-83.7359668
608101,34.1460504,-84.9283428
608104,34.2880317,-84.8664842
608105,34.3391779,-84.917721
608106,34.3411993,-84.7487763
608107,34.147817,-84.9276423
608114,34.2821708,-84.762565
608115,34.2043038,-84.7437146
608175,34.2783472,-84.7629107
608177,34.369295,-84.9376914
608186,34.1621202,-84.8798373
608190,34.1209607,-84.7650123
608195,34.2395005,-84.8695785
608196,34.1178758,-84.6699379
608198,34.1205795,-84.8339838
608296,34.2137008,-84.9356139
608301,34.0438103,-84.6557701
608377,34.2392658,-84.8661236
608396,34.10867,-84.9464324
609111,31.7425375,-83.2589639
609196,31.7655874,-83.255786
609291,31.7091638,-83.2614726
609296,31.7608199,-83.2594656
610101,31.2189355,-83.2444467
610106,31.2718573,-83.2059062
610194,31.2122849,-83.2638978
610195,31.2115419,-83.2633123
611103,32.751035,-83.7575669
611104,32.8531638,-83.6132246
611105,32.9030213,-83.7721113
611108,32.8190088,-83.6578667
611109,32.7987955,-83.6514753
611117,32.9391477,-83.728049
611186,32.8374751,-83.6567863
611198,32.81577,-83.750035
611203,32.8445294,-83.655706
611204,32.7362456,-83.7157414
611205,32.9048802,-83.7727248
611286,32.8665179,-83.6213102
611298,32.8388547,-83.6580329
611305,32.7382009,-83.7167811
611383,32.8454101,-83.646788
611386,32.8075165,-83.6753989
611405,32.8760178,-83.6779766
611505,32.8250979,-83.742565
611605,32.8428125,-83.7582132
611705,32.8366096,-83.7232343
611805,32.8341776,-83.6898226
612105,32.4005893,-83.3287538
612112,32.411001,-83.3224048
612115,32.4100911,-83.3210263
612197,32.404435,-83.3298397
613101,31.2268521,-81.7907487
613110,31.1906792,-81.8225216
613194,31.1932855,-82.0251321
613294,31.1953525,-81.9851822
614110,30.8102848,-83.5638069
614193,30.815973,-83.5631461
614197,30.8146735,-83.5658043
614393,30.9335874,-83.5151782
614394,30.7997176,-83.5773507
615101,31.9374443,-81.312692
615182,31.9256491,-81.3162599
615199,31.8481155,-81.3121762
615202,31.9392285,-81.3113753
615282,32.142746,-81.5275817
615286,32.14988,-81.6073041
615302,31.9367858,-81.3133798
615402,32.1491574,-81.6084307
615502,32.1496191,-81.6094155
615503,31.8787867,-81.2531176
616100,32.454055,-81.7466538
616107,32.2691774,-81.7590545
616198,32.4902227,-81.8134694
616199,32.3971509,-81.8090283
616200,32.3868142,-81.6703656
616203,32.363701,-81.678629
616299,32.3974424,-81.8094554
616300,32.3614937,-81.6813937
616399,32.5325097,-81.9349823
617104,33.07981,-81.991403
617188,33.0818874,-81.995013
617196,32.9837208,-81.7745153
617288,33.0853319,-81.9923827
618100,33.2856741,-83.98228
618104,33.2951113,-84.0184773
618108,33.3078603,-83.9531744
618111,33.2736394,-83.9630156
618190,33.2893852,-83.9831067
619113,31.5641874,-84.7269573
619179,31.4505494,-84.7088996
619213,31.5641874,-84.7269573
620100,30.8480343,-81.6772749
620105,30.7529828,-81.5746487
620110,30.72804,-81.5463586
620182,30.7947903,-81.6436633
620187,30.8027762,-81.5744666
620189,30.7976425,-81.6537969
620192,30.9638429,-81.7226063
620193,30.8001845,-81.7134905
620195,30.7772542,-81.6647178
620197,30.8017918,-81.5935706
620295,30.8185506,-81.6463858
620495,30.7701398,-81.5905725
621101,32.3641457,-82.0533552
621102,32.3613443,-82.0515632
621302,32.3613443,-82.0515632
622100,33.6478662,-85.0483919
622101,33.5270378,-85.2494051
622102,33.7470851,-85.0270001
622115,33.7476708,-85.0242393
622176,33.602953,-85.152423
622177,33.5387269,-85.0667734
622189,33.7322135,-85.0253761
622198,33.6920989,-84.9384233
622208,33.6379197,-85.1843037
622212,33.6025176,-85.1567868
622305,33.7808133,-84.9696443
622377,33.4618532,-85.1299106
622405,33.6776813,-84.94252
622477,33.497287,-84.917517
622605,33.7272147,-84.9131249
622705,33.7345625,-84.9266296
623100,34.9005002,-85.1416163
623102,34.9443263,-85.2326212
623103,34.9448233,-85.2299515
623105,34.7768248,-85.1602505
623109,34.8958815,-85.1927248
623185,34.903149,-85.0721034
623205,34.8918935,-85.1931788
624112,30.8122934,-82.0145284
624199,30.8248368,-82.0098141
624287,30.8453465,-82.0017403
625101,32.0322249,-81.058516
625109,32.0303533,-81.1820274
625115,32.0949259,-81.1412409
625116,31.9967621,-81.1558852
625117,32.0745176,-81.3205154
625118,31.995574,-81.0762418
625124,31.995935,-81.1164184
625125,32.004192,-80.8450011
625128,32.0593342,-81.0878193
625191,32.070731,-81.085854
625192,32.073789,-81.1036607
625194,31.9755212,-81.2289097
625197,32.0909324,-81.1672562
625199,32.0935245,-81.2589385
625200,32.0949492,-81.2629821
625201,32.0763392,-81.0925851
625210,32.0628581,-81.0573534
625211,32.1732204,-81.2334247
625298,32.0393192,-81.011008
625299,31.998288,-81.263368
625300,32.0000724,-81.2615372
625301,32.0324035,-81.0701463
625311,32.0403825,-81.0123997
625411,32.0375257,-81.0070004
625499,32.0459932,-81.092884
625511,32.0621083,-81.0666688
625512,32.219031,-81.1944709
625513,32.0628581,-81.0573534
625514,32.0259072,-81.0807887
625515,32.059976,-81.099466
625516,32.0593342,-81.0878193
626101,32.3021242,-84.7674799
626106,32.3124441,-84.7559158
626206,32.3124441,-84.7559158
627106,34.5101242,-85.3312824
627111,34.4656542,-85.3581936
628101,34.096729,-84.5700407
628104,34.1092131,-84.5203654
628105,34.2389112,-84.4728
628106,34.2325453,-84.3338329
628108,34.2147578,-84.3945295
628113,34.1174646,-84.4787849
628115,34.1158191,-84.4807524
628116,34.1992281,-84.4578349
628176,34.1158561,-84.5627702
628181,34.1183692,-84.5613637
628182,34.1319959,-84.4930684
628187,34.1736865,-84.4245701
628189,34.1309175,-84.5908481
628190,34.1392554,-84.4066789
628191,34.171725,-84.4297129
628193,34.172479,-84.5541591
628196,34.1304358,-84.5784301
628197,34.1009132,-84.5411394
628198,34.3389465,-84.5292368
628199,34.173,-84.4712216
628203,34.1911319,-84.5352428
628205,34.1933796,-84.5331952
628213,34.3324771,-84.3840198
628287,34.2627398,-84.4829658
628297,34.1008088,-84.5415648
628305,34.2359303,-84.3333338
628309,34.1055776,-84.474001
628313,34.0881656,-84.6417814
628397,34.1084404,-84.4379181
628505,34.2394059,-84.2897188
628509,34.2159837,-84.5324158
629102,33.9230531,-83.331928
629104,33.9497051,-83.3999699
629105,33.9449354,-83.4072708
629112,34.0102946,-83.3449576
629178,33.9373181,-83.4457635
629191,33.967696,-83.505677
629196,33.9878673,-83.2972636
629205,33.9297527,-83.3371068
629291,33.9731721,-83.3576192
629296,33.9899363,-83.4735458
630104,31.6205654,-85.0428695
630204,31.6205654,-85.0428695
631100,33.5220398,-84.331199
631103,33.5368158,-84.3932159
631104,33.4914652,-84.3839377
631105,33.5937354,-84.3181277
631106,33.520308,-84.3485359
631107,33.5644337,-84.3868116
631109,33.5564108,-84.2951056
631114,33.5389038,-84.3257415
631115,33.5868138,-84.395843
631116,33.4301772,-84.3601404
631117,33.5941595,-84.3197718
631173,33.5484009,-84.3574277
631174,33.4862188,-84.3512575
631175,33.4951647,-84.363765
631176,33.5558499,-84.2933375
631177,33.5896534,-84.2862233
631181,33.5229072,-84.4116857
631190,33.4446863,-84.3379359
631191,33.4430302,-84.3399082
631195,33.4200186,-84.3896341
631197,33.5366617,-84.387879
631199,33.4617763,-84.3662805
631200,33.5816867,-84.2874318
631203,33.5645303,-84.3889465
631204,33.6078489,-84.4123151
631205,33.4538513,-84.3570803
631207,33.5814746,-84.2827687
631215,33.5560605,-84.3064533
631276,33.5787838,-84.4447835
631277,33.5209044,-84.4117678
631290,33.5545272,-84.3098552
631295,33.5394481,-84.432283
631304,33.5466591,-84.3408634
631305,33.4555136,-84.3571625
631307,33.6322613,-84.3712292
631377,33.5564865,-84.4036726
631378,33.5242685,-84.3588876
631379,33.4301772,-84.3601404
631380,33.5220014,-84.3308917
632101,31.0433689,-82.7716907
632201,31.0433689,-82.7716907
633101,33.9980959,-84.6186921
633102,33.7904179,-84.5613637
633103,34.0638382,-84.5128792
633104,34.0021352,-84.6569034
633107,34.0647176,-84.6811721
633109,34.0289511,-84.7353961
633114,33.9758302,-84.4390925
633117,33.8412034,-84.6336465
633118,33.8245602,-84.584032
633173,33.8791436,-84.5756883
633175,33.9902634,-84.4395847
633178,34.0598492,-84.4702582
633180,33.9333151,-84.6640952
633181,34.0173573,-84.4207133
633184,34.0468019,-84.5043575
633185,34.0499636,-84.4361596
633187,34.058934,-84.4952093
633188,34.0246236,-84.4521668
633189,34.0565527,-84.6205425
633190,33.9025354,-84.6336056
633191,33.8942191,-84.6925267
633192,33.9670868,-84.6830931
633194,33.9909271,-84.6307438
633197,33.9605868,-84.7245362
633198,34.045266,-84.5616093
633199,33.8436329,-84.5157468
633202,33.8135786,-84.5537736
633203,33.9300834,-84.7020008
633204,34.0655817,-84.5914822
633207,33.8153959,-84.6342188
633209,34.0350518,-84.7359638
633214,33.8909425,-84.521717
633273,34.000883,-84.5099295
633275,33.9910284,-84.4449988
633278,33.9796295,-84.4175128
633280,33.9882342,-84.6327062
633281,33.9692933,-84.416734
633287,34.0146491,-84.6732471
633288,34.0282474,-84.4729127
633289,34.0257412,-84.4922693
633290,33.8749285,-84.4981293
633291,34.035166,-84.4384362
633292,33.9867931,-84.7199645
633294,33.8879814,-84.6127523
633297,34.0251942,-84.7024091
633298,33.9216188,-84.6208492
633299,34.0262489,-84.7006941
633302,34.0575101,-84.6529802
633304,34.0292779,-84.6403098
633307,33.7886321,-84.5682399
633309,33.8186586,-84.5095198
633373,34.012117,-84.4971459
633375,34.0067406,-84.4623863
633378,34.0473246,-84.4791948
633381,34.0446443,-84.4745627
633388,34.073416,-84.4787849
633389,34.0327728,-84.4778011
633391,34.0519535,-84.505095
633394,34.017435,-84.4377799
633397,33.904497,-84.5357342
633398,33.8487951,-84.5993367
633399,34.0365909,-84.5263967
633402,33.8277099,-84.6745544
633404,34.031119,-84.6287814
633407,34.059911,-84.6523263
633475,33.8760209,-84.6686305
633478,33.9360061,-84.4533652
633489,33.8537206,-84.6807637
633491,33.9952394,-84.4056939
633499,33.9705513,-84.6895862
633502,33.8423064,-84.6340144
633504,34.0275435,-84.5966369
633507,34.0042187,-84.6569034
633592,33.7925437,-84.5780618
633602,34.0520947,-84.5688948
633607,33.9263281,-84.664514
633707,33.9264072,-84.6674219
633808,33.9155619,-84.5459586
634100,31.4891692,-82.8967785
634102,31.5960974,-83.0072349
634108,31.5142256,-82.8701595
634114,31.4988155,-82.858478
634182,31.4493058,-82.7961362
634191,31.6218612,-82.8831571
634195,31.5522282,-82.8611803
634282,31.5151987,-82.8405439
634291,31.5172298,-82.6401688
634308,31.4963744,-82.8451725
635111,31.1710714,-83.7941514
635112,31.1706229,-83.7640635
635178,31.3275392,-83.9178072
635187,31.1163018,-83.6652701
635278,31.2705437,-83.6916734
636101,33.5883299,-82.1871678
636102,33.5155054,-82.2001657
636103,33.45333,-82.2201252
636106,33.5735603,-82.1079396
636107,33.5319894,-82.159635
636108,33.5602527,-82.0806314
636112,33.4980071,-82.2359189
636173,33.4958869,-82.1465021
636183,33.4715476,-82.3160561
636186,33.5406819,-82.1554701
636188,33.5375938,-82.1064405
636189,33.5378201,-82.1009646
636190,33.4839068,-82.1544501
636192,33.5506625,-82.0806079
636193,33.5728972,-82.1166148
636194,33.5805217,-82.1326016
636197,33.588837,-82.1922765
636208,33.4561329,-82.2190212
636212,33.497145,-82.2396864
636283,33.4775884,-82.3172473
636290,33.5359398,-82.101475
636297,33.5869759,-82.1891219
636397,33.4764189,-82.2677503
636398,33.5517904,-82.2018646
637101,31.155132,-83.4383472
637104,31.1539988,-83.4337834
637111,31.1331492,-83.3837397
637196,31.1667722,-83.4083971
638101,33.466193,-84.692445
638103,33.3619324,-84.6488116
638106,33.3621288,-84.6513455
638115,33.493144,-84.789245
638189,33.3949313,-84.7020416
638191,33.4648547,-84.648035
638192,33.3757487,-84.7484091
638195,33.3998635,-84.772109
638196,33.4704552,-84.6632882
638199,33.3425999,-84.6900951
638201,33.3615593,-84.7136778
638203,33.2341203,-84.8274808
638289,33.3034222,-84.5998276
638295,33.4085615,-84.6682191
638299,33.4373954,-84.759577
638301,33.3631943,-84.8450741
638389,33.3493574,-84.6602951
638395,33.3927186,-84.7024091
639192,32.7283203,-84.0072403
639193,32.7200148,-84.0045134
639202,32.7311726,-84.0080666
640115,31.9234516,-83.7526149
640196,31.9468102,-83.7531959
640197,31.9529398,-83.7631313
641101,34.8734265,-85.5121371
641195,34.8615981,-85.5089881
641275,34.8853602,-85.5488674
641295,34.8723699,-85.518495
642103,34.3676905,-84.0157509
642106,34.3547114,-84.1153103
642109,34.4200486,-84.1130488
642111,34.3519507,-84.1172658
642189,34.4209719,-84.1045037
642198,34.4141224,-84.1031138
642199,34.352702,-84.0825547
643105,30.9322381,-84.6153696
643116,30.8833823,-84.477094
643191,30.8998357,-84.5741341
644100,33.6668644,-84.2264799
644102,33.7881322,-84.1111034
644103,33.6615264,-84.1984157
644105,33.7096273,-84.1489549
644107,33.6588801,-84.160248
644108,33.7615009,-84.1144029
644113,33.7515181,-84.2329838
644172,33.676461,-84.2944477
644173,33.946391,-84.311933
644175,33.9595754,-84.3357171
644176,33.7586988,-84.178296
644181,33.7695479,-84.1796144
644188,33.7290281,-84.1690666
644189,33.9311654,-84.2967915
644190,33.7727772,-84.1201355
644191,33.6767678,-84.1887598
644193,33.6797072,-84.2161875
644197,33.7299342,-84.1525512
644200,33.6871379,-84.2955991
644201,33.7818202,-84.196421
644202,33.7250671,-84.1294961
644203,33.7147739,-84.1106909
644205,33.7416945,-84.1571982
644214,33.9412993,-84.3084266
644215,33.7695937,-84.2708817
644272,33.7885907,-84.1979861
644275,33.6764346,-84.2967093
644276,33.8106076,-84.2020222
644288,33.9151399,-84.3203061
644290,33.8916231,-84.2710874
644291,33.6769389,-84.1720334
644293,33.7636306,-84.1445854
644297,33.6889998,-84.1845534
644301,33.6975526,-84.2534789
644305,33.6800344,-84.2690718
644309,33.7436141,-84.2660276
644311,33.6989367,-84.1364228
644314,33.848954,-84.290788
644315,33.8859135,-84.2753654
644375,33.696483,-84.1640307
644397,33.7742194,-84.11663
644399,33.7858454,-84.254631
644401,33.734473,-84.202464
644406,33.8964192,-84.3108931
644407,33.831971,-84.1956809
644409,33.7270336,-84.30744
644410,33.7592921,-84.2673029
644475,33.6893847,-84.2407218
644497,33.7745962,-84.1245479
644500,33.7984364,-84.1980707
644503,33.83269,-84.1946088
644506,33.833079,-84.2121524
644507,33.8051572,-84.1739699
644510,33.8292468,-84.3205938
644575,33.8155162,-84.1899131
644597,33.7235284,-84.1834869
644605,33.8472458,-84.2139641
644610,33.6506078,-84.1308155
644675,33.7420212,-84.2001689
644705,33.8758889,-84.337796
644797,33.867025,-84.2522444
644805,33.8027817,-84.2907058
644810,33.83269,-84.1946088
644897,33.8194078,-84.2732264
645103,32.2065629,-83.194341
645180,32.2045919,-83.1895675
645191,32.1703718,-83.1605032
645291,32.2100466,-83.2121582
645292,32.184261,-83.188088
646104,32.1847751,-83.7668022
646182,32.1040665,-83.8008676
646204,32.1959971,-83.7629533
646205,32.0915553,-83.7847362
647101,31.5923576,-84.1127038
647102,31.5874764,-84.2751186
647103,31.5733233,-84.2500738
647105,31.5868195,-84.1214768
647106,31.5181328,-84.1275993
647199,31.5146609,-84.1693551
647205,31.5856041,-84.1609073
647299,31.550583,-84.1916313
647399,31.5209324,-84.162597
648100,33.673555,-84.7217605
648103,33.6961797,-84.7703961
648104,33.7619302,-84.7830888
648107,33.6834746,-84.7934753
648108,33.7232786,-84.6514681
648112,33.7158911,-84.8311323
648113,33.7162061,-84.8304516
648175,33.7558054,-84.6577207
648178,33.7119141,-84.7531825
648180,33.6178562,-84.8479964
648184,33.6835458,-84.7662359
648187,33.68492,-84.7895207
648188,33.7368111,-84.6968869
648193,33.6158943,-84.8466829
648198,33.7244987,-84.7825281
648200,33.6710947,-84.7241808
648203,33.7062681,-84.6497925
648208,33.6851579,-84.7384939
648212,33.6765977,-84.6667102
648213,33.7404505,-84.6480409
648298,33.7533539,-84.6573938
648303,33.7345977,-84.8788604
648398,33.7549687,-84.7295156
648407,33.7373123,-84.7278831
648498,33.7549618,-84.7273116
649194,31.3728905,-84.9615763
649197,31.3760239,-84.9410257
650112,30.6998023,-83.0252685
651103,32.3822534,-81.3197417
651105,32.1981901,-81.3624557
651107,32.2601594,-81.2434398
651186,32.2105285,-81.2796703
651190,32.314421,-81.392155
651196,32.2230409,-81.3990487
651197,32.1875325,-81.3334523
651203,32.3467009,-81.2277013
651290,32.3451305,-81.3544433
651296,32.3477507,-81.2251191
651297,32.188584,-81.3365895
651390,32.3473342,-81.3510275
652104,34.1061928,-82.8937423
652176,34.108494,-82.8844103
652213,34.0847174,-82.8474867
652313,34.1084047,-82.8971316
653100,32.5763772,-82.1490949
653189,32.5715977,-82.3146555
653192,32.572918,-82.3081583
653196,32.5741172,-82.3156793
653198,32.5725919,-82.3049112
654196,32.1497548,-81.9060059
654197,32.1617907,-81.917587
655176,34.852638,-84.3287313
655193,34.8699626,-84.3026505
655194,34.8781613,-84.2463188
655293,34.9236615,-84.379914
656102,33.4438767,-84.5124695
656103,33.3799979,-84.4735847
656104,33.4401384,-84.5945096
656105,33.3775348,-84.4720621
656108,33.4426727,-84.5109128
656111,33.3895794,-84.41899
656178,33.4018575,-84.5699589
656180,33.3862911,-84.5696315
656181,33.512376,-84.4699405
656182,33.4151573,-84.5627042
656186,33.3841994,-84.5398256
656191,33.370141,-84.5363382
656192,33.4939195,-84.5724963
656196,33.4310304,-84.5982016
656198,33.3420976,-84.5175791
656199,33.3427466,-84.5215738
656291,33.494398,-84.5694678
656296,33.4405868,-84.4683433
656298,33.3420938,-84.5195881
656391,33.3873535,-84.4747677
656398,33.4542159,-84.4621403
656402,33.4559117,-84.4649284
656491,33.4959618,-84.569304
657102,34.2587925,-85.0579826
657103,34.2686767,-85.3046569
657107,34.180739,-85.1813279
657111,34.3098229,-85.0991003
657173,34.2191754,-85.1851133
657188,34.307924,-85.0990582
657195,34.3652114,-85.174384
657199,34.1695328,-85.1809222
657203,34.310631,-85.0937876
657273,34.2191754,-85.1851133
657303,34.3869344,-85.1669735
657401,34.3426895,-85.1748294
658100,34.1235326,-84.1062774
658102,34.287643,-84.203539
658103,34.2204877,-84.1353509
658104,34.1034605,-84.1359302
658105,34.1241693,-84.1096185
658106,34.143475,-84.1761947
658107,34.2101936,-84.2139641
658108,34.0644394,-84.1275168
658176,34.1683219,-84.1050193
658182,34.2739401,-84.1059887
658190,34.1471442,-84.1708385
658194,34.2380955,-84.0865573
658195,34.278868,-84.107884
658197,34.1363157,-84.1426067
658198,34.1767203,-84.2248744
658199,34.1785289,-84.222816
658202,34.2197249,-84.135902
658203,34.241872,-84.1754944
658204,42.7270365,-88.9644626
658206,34.24941,-84.0209558
658211,34.0923389,-84.1819215
658213,34.1863713,-84.1624734
658214,34.1059368,-84.139721
658215,34.1632707,-84.099471
658216,34.1650633,-84.0980271
658219,34.2142713,-84.1429365
658303,34.2876639,-84.2052344
658307,34.3277028,-84.1028644
658313,34.2077008,-84.1667591
658407,34.1448038,-84.1790376
658498,34.2777096,-84.1034312
658598,34.115566,-84.1528067
658699,34.1325009,-84.2471418
658700,34.1296439,-84.2388697
658701,34.2187923,-84.1156242
658702,34.1477445,-84.2285382
659105,34.3940609,-83.1950735
659107,34.3761974,-83.2318373
660100,34.1209003,-84.3201006
660101,34.0550564,-84.1961126
660102,34.0740059,-84.2418741
660103,34.0599203,-84.3363745
660104,33.9506036,-84.3825418
660105,34.1014516,-84.2812778
660106,34.0970463,-84.3391201
660107,33.6160831,-84.6215852
660109,33.6141756,-84.6279087
660114,33.597852,-84.5139443
660116,33.6419217,-84.4818181
660118,33.5930579,-84.4987235
660119,34.1166248,-84.274625
660175,34.0114109,-84.3167507
660176,33.5906862,-84.5194767
660180,34.0361999,-84.2327369
660184,34.040196,-84.3639806
660186,33.637691,-84.5278711
660187,34.0106425,-84.250187
660189,33.5952709,-84.4801915
660190,34.0701047,-84.2123171
660191,34.0649705,-84.3793802
660192,33.66012,-84.4058581
660193,34.0928643,-84.3381003
660195,34.051667,-84.2742136
660197,34.029568,-84.3064533
660198,34.0063728,-84.2917749
660199,33.6650354,-84.5920937
660202,34.0107475,-84.2962981
660203,34.0390551,-84.1773072
660204,33.6755684,-84.4306831
660205,34.0757525,-84.2551248
660206,33.5567355,-84.5267243
660207,33.9767699,-84.3429243
660215,33.5800939,-84.7033732
660273,33.576302,-84.5037839
660275,33.5720742,-84.4812443
660276,33.588279,-84.5380274
660284,33.9933856,-84.2840025
660286,33.8982075,-84.3592983
660289,33.6674163,-84.4810803
660291,33.5582841,-84.6279637
660292,33.5314293,-84.6718172
660295,34.061255,-84.186453
660297,34.0215629,-84.1981509
660298,34.0715645,-84.3633235
660299,34.0820416,-84.2756533
660301,33.6112719,-84.4746037
660302,34.058314,-84.3372785
660303,34.1043758,-84.2833445
660305,34.0187513,-84.2398986
660373,34.0710098,-84.4043806
660383,33.656745,-84.449947
660384,34.0405095,-84.2823575
660386,34.0198866,-84.3628717
660390,33.703662,-84.5600538
660391,33.5560148,-84.6259194
660392,34.0497331,-84.2087758
660397,33.9935249,-84.3113864
660398,34.045524,-84.1290837
660402,34.0434706,-84.124218
660405,34.0355865,-84.1828278
660406,34.06945,-84.302562
660491,34.0291035,-84.1906546
660497,34.0674351,-84.2311727
660501,33.6954927,-84.4661584
660503,33.5977273,-84.578471
660505,33.6998733,-84.5610362
660591,34.0533004,-84.2090229
660597,34.0959703,-84.3377716
660603,33.9969669,-84.3394796
660605,33.6579117,-84.4100031
660691,33.6846651,-84.4363852
660701,34.0529491,-84.2310904
660702,33.9613413,-84.3514937
660803,33.6888358,-84.4656883
660909,33.9165709,-84.3847588
660910,34.022894,-84.195103
661103,34.685619,-84.5052682
661107,34.6141183,-84.4601242
661112,34.6220819,-84.4102297
661113,34.6964394,-84.4768583
661196,34.6788814,-84.5009976
661212,34.6963224,-84.4790309
662196,33.2411198,-82.6112828
662197,33.2411198,-82.6112828
663106,31.2651603,-81.5628133
663112,31.1395694,-81.4817046
663114,31.2612211,-81.5622992
663116,31.1311103,-81.5937633
663178,31.2311674,-81.5216767
663190,31.2442903,-81.5118734
663195,31.2187208,-81.3810121
663198,31.1330579,-81.5861823
663199,31.2768801,-81.4660258
663298,31.2780245,-81.4648889
664106,34.4497191,-84.8286878
664110,34.4483254,-84.8356093
664115,34.5280957,-84.8389947
664176,34.570687,-84.9733453
664190,34.5297705,-84.838791
664274,34.4385199,-85.0020766
664286,34.5175185,-84.9215047
664292,34.5178414,-84.9245777
665174,30.8744984,-84.2242158
665185,30.8865461,-84.1850588
666101,33.5611957,-83.1806008
666109,33.4891976,-83.2421544
666201,33.6248403,-83.0869267
666301,33.5640773,-83.178382
666401,33.5635474,-83.182987
667100,34.0500315,-84.0076121
667101,33.869234,-83.923453
667103,33.966955,-84.2123994
667105,34.0786409,-83.8782793
667108,33.8866669,-84.1195993
667109,33.9545976,-84.0297949
667173,33.8226105,-84.0357188
667176,33.8594693,-84.1141445
667180,33.8540723,-84.0648906
667182,33.883725,-84.0402019
667184,33.9773686,-84.1865353
667185,33.8238007,-84.0697611
667186,33.9841439,-84.2291145
667187,33.92279,-84.1486251
667188,33.9277426,-84.0202123
667189,33.9633632,-84.0047613
667190,34.0183009,-84.1475534
667191,33.9997766,-83.9034476
667193,34.0181755,-84.0230624
667194,33.9025571,-84.0147185
667195,34.016622,-84.0205427
667196,33.9440414,-83.8574082
667197,34.0027974,-84.0059102
667198,33.907135,-84.0088929
667199,33.9215494,-84.1664294
667200,34.0306666,-83.9388645
667204,34.077882,-83.8728578
667205,33.9365172,-84.1232283
667208,34.031418,-83.8630408
667209,34.1479538,-84.0653261
667210,33.9229384,-83.9219861
667275,33.8858281,-84.1002135
667276,33.9263994,-84.1077211
667279,33.8842651,-84.069431
667280,33.9344767,-84.1732882
667282,33.8033115,-84.0685229
667283,33.8262407,-84.0728887
667285,33.9083661,-84.1482438
667286,33.8806027,-84.0421014
667287,33.8091338,-84.0094461
667288,33.9176966,-84.1291662
667289,33.9776963,-84.0264907
667291,33.8282405,-84.0758876
667294,33.8759839,-84.1992146
667295,34.044103,-83.9240652
667296,34.0997594,-84.0400367
667297,34.01368,-84.1034312
667298,33.9963758,-84.1189395
667300,33.9439643,-84.231255
667304,33.9037535,-84.1281766
667305,34.0973868,-83.9356795
667309,33.818724,-83.9650002
667376,33.8958962,-84.0740901
667380,33.9914521,-83.8947558
667382,33.871598,-84.1386388
667388,33.9858514,-83.9716569
667389,33.9271602,-84.0225255
667391,33.890564,-84.0056703
667394,33.9355984,-83.975908
667395,33.9878196,-84.0611033
667397,33.8391428,-83.9418426
667398,33.7938111,-84.0535796
667400,34.0935011,-84.0971607
667405,34.1034304,-83.9378718
667409,34.0646899,-83.932577
667494,33.9984594,-84.2290322
667495,33.9427284,-84.0824721
667497,33.894148,-83.9156969
667498,34.0105581,-83.9957532
667505,34.1254664,-84.0448266
667509,33.8722376,-83.9607843
667605,33.8910564,-83.9128831
667608,34.08914,-83.9573923
667705,34.0132567,-84.0925616
667708,33.925777,-84.0003172
667805,34.0133911,-84.0873753
667905,33.9874991,-84.158517
668101,34.520421,-83.5344624
668105,34.5210715,-83.5700694
668106,34.5572945,-83.4961067
668112,34.5638493,-83.5222101
668114,34.5572945,-83.4961067
668189,34.6161105,-83.5362214
668196,34.6361069,-83.512518
668201,34.560971,-83.5280089
668296,34.5234507,-83.5714633
669100,34.1894703,-83.898481
669101,34.1927354,-83.8875531
669102,34.3483366,-83.8931829
669103,34.232399,-83.744647
669105,34.2381065,-83.8569112
669106,34.2319014,-83.8211984
669112,34.1750896,-83.842348
669176,34.2102218,-83.7815067
669189,34.2173389,-83.9111244
669192,34.1463127,-83.8889606
669194,34.42071,-83.8398999
669196,34.1336929,-83.9401881
669200,34.3445269,-83.8982327
669202,34.185826,-83.9017922
669276,34.4456237,-83.8031269
669289,34.3078537,-83.741661
669294,34.2215319,-83.9097381
669389,34.2978794,-83.8240663
669390,34.1482892,-83.8885546
669391,34.1482892,-83.8885546
669392,34.2381065,-83.8569112
669393,34.2234241,-83.8591478
670106,33.3006216,-82.9710235
670188,33.2980618,-82.9698978
670288,33.3006216,-82.9710235
671104,33.7593507,-85.2778249
671178,33.8072065,-85.1871593
671197,33.7684481,-85.2181572
671198,33.7651293,-85.2444477
672110,32.6753723,-84.9208132
672188,32.7703984,-84.8761557
672190,32.6306921,-84.8275266
672199,32.6759093,-84.9177624
672290,32.6965225,-85.0248483
672299,32.7608448,-84.8899315
672399,32.7498262,-84.8654076
673102,34.3755457,-83.0021006
673191,34.3514417,-82.9221813
673202,34.2925936,-82.9500717
674102,33.3002361,-85.1163894
674106,33.3041731,-85.0625539
674110,33.2756721,-85.0932884
675100,33.4419928,-84.0397889
675101,33.505475,-84.136093
675104,33.3781089,-84.2008691
675105,33.4670287,-84.2553749
675106,33.3791923,-84.1960092
675107,33.4673823,-84.2553695
675108,33.5675421,-84.1578576
675191,33.5616405,-84.2011162
675194,33.4474684,-84.1698083
675196,33.4957824,-84.2439319
675197,33.5501973,-84.1394736
675200,33.4406753,-84.267632
675203,33.5096482,-84.1327527
675206,33.4699014,-84.2465657
675207,33.5044963,-84.0769424
675208,33.4687635,-84.1549726
675209,33.3826894,-84.144874
675211,33.3784363,-84.2473887
675213,33.3470941,-84.062079
675214,33.3526775,-84.0582034
675215,33.3794089,-84.2495286
675291,33.4300121,-84.1968741
675294,33.6066915,-84.1841461
675295,33.561484,-84.203269
675297,33.5067638,-84.1689842
675303,33.3745442,-84.0752916
675307,33.44663,-84.0436705
675308,33.5657364,-84.1565388
675315,33.3803134,-84.2558654
675391,33.4902884,-84.2083641
675394,33.489935,-84.210053
675397,33.6093889,-84.1840637
675403,33.5234216,-84.2643408
675407,33.4014493,-84.0244255
675408,33.5639879,-84.1555084
675409,33.3931317,-84.113578
675503,33.4939093,-84.199963
675507,33.4462765,-84.0490381
675509,33.4215256,-83.9845947
675603,33.3742895,-84.2032577
675703,33.5061186,-84.1294136
675804,33.4509845,-84.1360517
676100,32.6295399,-83.7108949
676102,32.6085138,-83.6112092
676103,32.576403,-83.695314
676104,32.5501854,-83.675016
676105,32.599694,-83.6007939
676108,32.5338806,-83.7009623
676111,32.5110478,-83.6115405
676116,32.6007624,-83.6158267
676117,32.4992015,-83.7028091
676175,32.6113272,-83.6070406
676191,32.5826353,-83.729514
676192,32.5538954,-83.6751496
676194,32.549554,-83.6710786
676195,32.6087493,-83.6881087
676196,32.5696108,-83.6761466
676199,32.5048926,-83.6504285
676200,32.4853224,-83.7264718
676204,32.6336612,-83.6937567
676208,32.5753053,-83.6949195
676296,32.547012,-83.5892075
676309,32.543054,-83.6216649
677173,31.5800695,-83.2376366
677188,31.5820807,-83.2387128
678101,34.1022248,-83.7596675
678104,34.1448078,-83.467908
678107,34.1455799,-83.467606
678191,34.1032222,-83.5971722
678197,34.1490817,-83.4716069
678209,34.0921607,-83.6881087
678297,34.0948761,-83.6886902
679100,33.3087298,-83.7065459
679108,33.3355024,-83.7164889
679195,33.3080039,-83.7025599
679201,33.3179951,-83.6885656
680105,31.8709146,-82.6099317
680111,31.8618971,-82.6206556
680175,31.8634852,-82.6099317
680199,31.8680596,-82.6140695
681196,33.0972419,-82.411769
681296,33.0093896,-82.3943168
681396,33.2135518,-82.3823512
682101,32.8088275,-81.9401961
682201,32.8088275,-81.9401961
683101,32.7248029,-82.728392
683197,32.7266367,-82.7328022
683201,32.7248029,-82.728392
684101,32.879308,-83.582162
684102,32.8890252,-83.5333799
684106,32.9936202,-83.5276758
684114,32.9900711,-83.4947736
684192,32.9923563,-83.5303406
684199,32.9848831,-83.6025997
685105,33.0418301,-84.1816743
685175,33.0482035,-84.176442
685199,33.0456685,-84.1818948
685205,33.0456942,-84.1818391
686101,31.0363931,-83.0784157
686111,31.0343435,-83.0728503
686201,31.0363931,-83.0784157
687101,32.4023602,-82.9712226
687104,32.569,-82.819
687105,32.5632346,-82.8189535
687110,32.4489595,-83.0139811
687197,32.561663,-82.819732
687201,32.5374917,-83.0619123
687297,32.5622727,-82.8196473
688101,31.742707,-84.1716427
688103,31.7161874,-84.1431449
688114,31.7382764,-84.153901
688187,31.7440742,-84.1584346
688193,31.7305121,-84.1563158
688197,31.743666,-84.1650283
688209,31.7464764,-84.1595474
688393,31.7449567,-84.1699732
689100,31.8196324,-81.6535922
689101,31.8046673,-81.4525321
689102,31.8078008,-81.4518456
689105,31.8491353,-81.6012044
689180,31.8593846,-81.6014507
689183,31.7952359,-81.6131835
689189,31.8665551,-81.5823914
689192,31.8485875,-81.5452443
689194,31.8092117,-81.6482855
689195,31.8671501,-81.5844227
689196,31.8133413,-81.595712
689197,31.8137447,-81.5991381
690101,33.7902859,-82.4888534
690110,33.7903253,-82.4882414
690176,33.7965847,-82.4916463
691100,31.6945286,-81.731458
691205,31.7069881,-81.7431917
691288,31.7262971,-81.7211893
691289,31.7327681,-81.7214326
692100,30.8896488,-83.2642321
692111,30.8211816,-83.3320951
692112,30.9581548,-83.2618071
692194,30.8170259,-83.2295208
692195,30.9888564,-83.3559388
692211,30.9556804,-83.2605527
693101,34.5548182,-84.0018689
693103,34.4546335,-84.0241777
693191,34.5225971,-83.9186761
694198,32.2883305,-84.0726084
694199,32.2902528,-84.0162064
695101,34.0409796,-83.3195642
695195,34.1178853,-83.2075972
696197,32.2874299,-84.5363286
696275,32.3635863,-84.5345548
697112,33.4765967,-82.4768833
697113,33.4776028,-82.4905889
697179,33.4555589,-82.5147784
697191,33.4239892,-82.3854436
697192,33.4744541,-82.4736786
698101,31.3682623,-81.4295294
698104,31.4403241,-81.4309029
698205,31.3797409,-81.4354524
699100,33.2218592,-84.7489395
699102,32.9854096,-84.5758111
699200,32.8822306,-84.6475037
699300,33.0492283,-84.708748
699401,33.0492283,-84.708748
700110,31.1912182,-84.712698
700210,31.1912182,-84.712698
700310,31.1912182,-84.712698
701105,31.3769208,-84.1550963
701111,31.3797088,-84.1362712
701197,31.2362132,-84.2354698
701198,31.2395227,-84.2338894
701282,31.2422126,-84.2365013
702105,33.0103315,-83.9187175
702111,33.0624666,-83.9195864
702113,33.0117746,-83.9168555
702184,33.027438,-83.932577
702205,33.0225418,-83.9563171
703101,33.7545031,-84.4136774
703107,32.1938797,-82.5799465
703201,32.1817998,-82.5814672
704191,33.5981312,-83.4046809
705104,34.8227585,-84.8101061
705108,34.8260103,-84.758445
705112,34.8095918,-84.8083312
705190,34.7760271,-84.7887868
705195,34.7562165,-84.7935568
705198,34.8275675,-84.7774603
705204,34.8252498,-84.8100246
706100,32.5538927,-84.8674614
706102,32.4977008,-84.9850045
706104,32.5749201,-84.9307936
706108,32.558914,-84.9075995
706112,32.4884915,-84.9784771
706115,32.5500246,-84.8246134
706178,32.4880371,-84.8979892
706191,32.4871939,-84.9729002
706192,32.4559211,-84.9480135
706196,32.547828,-84.896631
706200,32.4441426,-84.9481303
706203,32.5713449,-84.9352619
706204,32.5773955,-84.9300844
706215,32.4246889,-84.9439533
706278,32.5579156,-84.9098881
706296,32.4734395,-84.9912235
706300,32.4284476,-84.9452544
706301,32.465501,-84.8849253
706378,32.4335408,-84.9380167
706401,32.5587689,-84.9745572
706501,32.5559932,-84.864937
706502,32.47529,-84.9438902
707101,33.5738701,-83.9715324
707102,33.5265962,-84.0069098
707106,33.4309025,-83.897736
707111,33.5643884,-83.9379545
707114,33.5651239,-83.940519
707115,33.5924916,-83.928192
707117,33.6089084,-83.9378718
707122,33.6501324,-83.8432417
707123,33.5998421,-83.8546746
707124,33.609623,-83.937845
707173,33.5977665,-83.9263003
707196,33.6122972,-83.879273
707198,33.5849846,-83.8342783
707206,33.4585716,-83.8385499
707295,33.580012,-83.8325525
707298,33.5718912,-83.9738474
707398,33.5849846,-83.8342783
708103,33.8788782,-83.5271762
708105,33.8773423,-83.5235536
708110,33.8252972,-83.4998975
708188,33.8722183,-83.4475354
708193,33.873652,-83.4438874
708197,33.9139175,-83.5057015
708198,33.9118068,-83.503459
708293,33.8612096,-83.4523504
708294,33.9096578,-83.5929946
709112,33.8945953,-83.106324
709198,33.8917236,-83.103453
709298,33.8935745,-83.1050055
710101,33.8798909,-84.7715686
710103,33.8366998,-84.7566093
710104,33.9205025,-84.9268737
710106,33.785578,-84.833984
710108,34.069755,-84.8093725
710109,34.0733239,-84.8065602
710110,34.0688538,-84.8065195
710113,33.9763385,-84.7988564
710188,33.9052143,-84.7647676
710192,33.8181614,-84.8703928
710194,34.0248343,-84.7763095
710197,33.8577631,-84.7621163
710198,33.8371783,-84.8392391
710199,33.9414124,-84.7710078
710201,33.9623428,-84.8140593
710204,34.022277,-84.7484759
710210,33.9215893,-85.0003605
710213,33.9138352,-84.7692541
710292,33.939172,-84.745683
710294,33.9541888,-84.8540138
710297,33.8322489,-84.7523976
710299,33.8738,-84.847753
710304,33.7851939,-84.8352062
710310,33.8025512,-84.7699067
710394,33.933206,-84.7475931
710404,33.8040588,-84.8305619
710410,33.8390365,-84.9526538
711110,32.6189096,-83.7734251
711191,32.5690586,-83.9147866
711197,32.6488889,-83.7525527
711210,32.5741071,-83.9062858
712103,34.474288,-84.517542
712106,34.434716,-84.429988
712189,34.443957,-84.419169
712198,34.4489515,-84.3969103
712203,34.4678052,-84.4344572
712303,34.4168635,-84.3790107
713112,31.247595,-82.2720686
713182,31.346667,-82.2148705
713197,31.3291572,-82.2168965
713297,31.3178435,-82.2438994
714101,33.0879632,-84.3363152
714188,33.0881262,-84.3434005
714194,33.087497,-84.3384598
714195,33.080828,-84.3392199
714296,33.0890802,-84.3445689
715102,34.0192577,-85.0185186
715103,34.0338551,-85.2199187
715104,34.0202117,-85.0157935
715174,34.0191634,-85.2262172
715183,34.0368624,-85.2618178
715188,34.0169389,-85.2534147
715210,33.980929,-85.0359898
715274,34.0167312,-85.0674225
715310,33.9507524,-85.218881
716195,32.2799382,-83.4908159
717111,33.3345862,-83.3690887
717112,33.3115206,-83.3983011
717113,33.3216408,-83.3907489
717114,33.4142441,-83.3696706
718110,31.8843424,-85.081506
718199,31.8843424,-85.081506
719100,34.8261103,-83.4216635
719105,34.8249541,-83.4063577
719114,34.8234102,-83.4106285
719177,34.8283323,-83.4221618
720101,31.7106005,-84.8603766
720201,31.7106005,-84.8603766
721100,33.3559957,-82.0015404
721102,33.3116138,-82.098838
721103,33.4301539,-82.1261393
721104,33.4445132,-82.0092916
721105,33.3712021,-82.100114
721114,33.3140311,-82.0967857
721115,33.4589646,-81.9383074
721116,33.4816536,-81.9970256
721177,33.4041382,-82.0717816
721184,33.3914732,-82.0956905
721189,33.391756,-82.0940008
721194,33.3385493,-82.0052032
721197,33.4322184,-82.073909
721201,33.468654,-82.109314
721205,33.3688374,-82.0780786
721213,33.4140148,-82.0465878
721290,33.3429983,-82.0799506
721294,33.3762843,-82.0573345
721297,33.2634169,-81.981768
721300,33.4767622,-82.0533978
721390,33.3445394,-82.0781637
721391,33.4725001,-82.0027756
721392,33.4739282,-81.9972812
721393,33.4602492,-81.9373269
721394,33.4484969,-82.1209945
722102,33.6142922,-83.985752
722107,33.5936307,-84.0975584
722110,33.6659588,-84.0041828
722174,33.5978302,-84.0209145
722176,33.6269279,-84.0471389
722178,33.5686808,-84.0281428
722189,33.6225687,-84.048873
722192,33.59514,-83.991431
722194,33.6554206,-84.0619186
722197,33.5978123,-84.0959231
722278,33.6844612,-84.0041732
722289,33.6932482,-83.962106
722294,33.6028433,-83.9903809
722378,33.6234655,-84.0367331
723101,32.2169595,-84.2899245
723198,32.2176099,-84.2916104
724191,32.7427141,-81.6564385
724197,32.7854961,-81.6039947
725196,31.0190291,-84.8821982
725296,31.0336915,-84.880163
726101,33.225879,-84.230968
726103,33.1960208,-84.3002042
726106,33.194004,-84.3001219
726107,33.2666114,-84.2352889
726110,33.2170211,-84.1921374
726187,33.2437507,-84.3011087
726192,33.279735,-84.308439
726195,33.2967292,-84.2645054
726199,33.2225934,-84.2348773
726201,33.276574,-84.3073578
726208,33.2591284,-84.2559888
727104,34.5473536,-83.2979218
727187,34.548734,-83.3183945
727195,34.5487264,-83.2873674
727197,34.5816309,-83.3277513
727296,34.5473536,-83.2979218
728101,32.0289386,-84.8274655
728192,32.0522724,-84.7529377
728201,32.0522724,-84.7529377
729100,32.1102864,-84.2145405
729105,32.0591093,-84.2329838
729188,32.110606,-84.2176697
729190,32.1140068,-84.2144337
729205,32.0843482,-84.2296085
729396,32.0461097,-84.230093
729595,32.1124922,-84.2192754
730190,32.6904457,-84.5433096
731102,33.5583699,-82.9095611
732101,32.0846764,-82.1225252
732194,32.0392502,-82.047322
732201,31.9320235,-81.9204012
732301,32.1782041,-82.1002744
732501,31.9439125,-81.9337886
732601,32.0853022,-82.1116655
733104,32.5570898,-84.2382482
733105,32.5546982,-84.2190696
733205,32.5529358,-84.2324899
734101,32.0481996,-82.9119772
734104,32.0483572,-82.8624638
734201,32.0453859,-82.911831
734202,32.0657473,-82.9028585
735105,31.7542382,-84.4187211
735109,31.7542382,-84.4187211
736100,30.8605445,-83.9525127
736105,30.8769234,-83.9706151
736115,30.8586743,-83.9497604
736191,30.8736109,-83.9663233
736194,30.8666077,-83.9483772
736205,30.8736109,-83.9663233
737104,31.4662634,-83.5494685
737173,31.4582847,-83.4887744
737199,31.4703702,-83.4765243
737299,31.461895,-83.5214299
738103,32.1863014,-82.3348462
738104,32.1891222,-82.3368249
738192,32.1892456,-82.336881
738204,32.1884259,-82.3294471
739103,34.9311398,-83.7319503
739104,34.9303677,-83.7302902
739204,34.8815945,-83.4164322
740113,32.4105806,-82.6394289
740213,32.4105806,-82.6394289
741109,33.111796,-84.972336
741187,32.8808799,-85.1627835
741189,32.9594943,-85.1290549
741191,33.0682144,-84.9844357
741194,33.0553964,-85.0567922
741201,33.0850705,-84.980535
741204,33.1169204,-84.9751509
741205,33.0736194,-85.0352412
741297,32.9583315,-85.1251238
741387,33.0007239,-85.0167681
741397,33.1686202,-84.9093719
741597,33.0289079,-85.0655843
741698,33.0131351,-85.0109766
742190,31.7058835,-83.6415764
742196,31.712099,-83.645419
743107,32.6849716,-83.3623262
743201,32.6828177,-83.3581515
743207,32.6828177,-83.3581515
744101,34.8793582,-83.9456485
744103,34.8775893,-83.9504921
744108,34.8798678,-83.9524093
745105,32.8961248,-84.2985377
745195,32.8982732,-84.3004793
745295,32.8992842,-84.2996285
745395,32.8869042,-84.3131129
746100,34.8152753,-85.238203
746106,34.9299885,-85.3576286
746114,34.8344148,-85.243658
746180,34.7261949,-85.2744501
746190,34.9493009,-85.3158138
746194,34.9758321,-85.3092595
746195,34.7002414,-85.3076236
746198,34.7163444,-85.2765316
746199,34.8895385,-85.2894635
746200,34.71674,-85.276516
746206,34.9817798,-85.2964131
747101,33.790728,-83.7861283
747102,33.7795407,-83.8544261
747105,33.8217571,-83.7371
747108,33.7726947,-83.9223549
747111,33.7540276,-83.8729794
747112,33.7545002,-83.654958
747176,33.8367634,-83.8882982
747191,33.8542633,-83.8680103
747193,33.7958915,-83.675565
747195,33.7279565,-83.8541776
747199,33.8344865,-83.8686729
747202,33.784524,-83.8602246
747205,33.8191689,-83.7366814
747291,33.8527809,-83.8661215
748195,31.1966924,-82.3877311
748196,31.2124773,-82.3458248
748295,31.2125567,-82.3404417
748296,31.2373556,-82.355276
748395,31.2336004,-82.3953554
748396,31.1578607,-82.4389819
749105,33.4175293,-82.6801553
749205,33.4175293,-82.6801553
750199,33.0028082,-82.8161366
751101,31.6173256,-81.9188662
751194,31.6161391,-81.9148153
751294,31.5853601,-81.8718344
751394,31.6272347,-81.87662
751494,31.6161637,-81.9033436
752104,32.0595038,-84.5416922
752108,32.0595038,-84.5416922
754100,34.6071519,-83.8028423
754104,34.6571616,-83.699072
754105,34.617596,-83.7961415
754109,34.5400456,-83.7568465
754174,34.6026868,-83.7702034
754200,34.598453,-83.7699545
755106,34.8766194,-84.985167
755112,34.8977583,-84.9132872
755175,34.8770761,-84.9975207
755199,34.8731171,-84.9857358
755206,34.9065117,-84.8637817
755211,34.769435,-84.884404
755212,34.783828,-84.9221616
755275,34.7336012,-84.9396432
755475,34.7467207,-84.9299085
755575,34.8620622,-84.9429774
755675,34.6891362,-84.9903521
755775,34.7857613,-85.0503805
756101,31.939733,-83.4450002
756195,31.939733,-83.4450002
756201,31.939733,-83.4450002
757105,33.7288772,-82.720109
757110,33.7602217,-82.734377
757205,33.7345834,-82.7251885
757210,33.7601446,-82.7324977
758175,32.8153965,-83.1571516
758275,32.8248124,-83.2139734
759111,31.553529,-83.8431364
759176,31.5507948,-83.8315872
759193,31.5492728,-83.8379802
759196,31.5480399,-83.8348982
759197,31.5432579,-83.8353078
761100,33.7342296,-84.4215257
761101,33.7348832,-84.364802
761103,33.6588779,-84.3784358
761104,33.6981147,-84.3727281
761105,33.7218593,-84.4246901
761106,33.7205643,-84.3870819
761115,33.7419712,-84.4348264
761116,33.776175,-84.347848
761122,33.6891453,-84.3669787
761123,33.7666559,-84.448649
761173,33.6666514,-84.3952273
761180,33.7012341,-84.5306561
761182,33.7342578,-84.5037019
761186,33.7395767,-84.3617717
761188,33.71512,-84.4190663
761192,33.8666381,-84.4449988
761196,33.7171868,-84.4654614
761199,33.7698065,-84.3950631
761201,33.7449112,-84.3145445
761206,33.7325263,-84.3551086
761212,33.756157,-84.4512737
761213,33.7419148,-84.4345392
761214,33.6891453,-84.3669787
761215,33.7646641,-84.4227648
761282,33.732809,-84.4897284
761288,33.7092307,-84.3874275
761296,33.6980959,-84.4134008
761303,33.8172857,-84.4554156
761304,33.6712073,-84.5134527
761305,33.7405753,-84.331578
761314,33.8046086,-84.4618587
761315,33.7536903,-84.4206879
761373,33.7388492,-84.3790262
761403,33.6748932,-84.3996533
761415,33.8434877,-84.407828
761504,33.7743805,-84.4491821
761505,33.735702,-84.3760953
761513,33.7553353,-84.5255775
761515,33.746294,-84.3117975
761604,33.7723729,-84.4937856
761605,33.7646641,-84.4227648
763110,33.712549,-85.1178688
763201,33.7174065,-85.1372404
763209,33.712549,-85.1178688
764100,34.129504,-83.9915225
764104,34.1320607,-83.9863189
764191,34.1181859,-83.989358
764196,34.1346876,-83.9957532
765205,34.4987712,-84.9568003
765405,34.4928826,-84.9354955
766106,33.5600844,-85.0837293
766193,33.5622105,-85.0852248
767177,34.1495436,-84.8114103
767191,34.1501676,-84.8118178
767277,34.1340162,-84.823554
769111,34.870706,-85.2962515
769211,34.8702728,-85.2961707
771104,34.1955568,-83.4620211
771105,34.1878794,-83.4754408
771112,34.1993724,-83.4647566
772101,34.7917688,-84.9491575
772105,34.7710877,-84.9569629
772110,34.7721145,-84.9630601
772173,34.7809646,-84.9751712
772201,34.79214,-84.938033
772301,34.7721031,-84.9732206
773105,33.7636476,-84.3060011
773112,33.7555367,-84.30559
773115,33.7833315,-84.3064944
773212,33.776124,-84.2898011
773405,33.7651395,-84.2893076
773505,33.7825096,-84.2962158
774102,32.5686327,-82.9218346
774112,32.5512629,-82.922507
774211,32.5436168,-82.9460386
774312,32.5258459,-82.9021623
774412,32.5392686,-82.9273401
776104,34.3046545,-83.8080183
776110,34.311048,-83.8065932
776193,34.3037581,-83.8451473
776204,34.2887808,-83.8637034
776211,34.2477334,-83.8729794
779101,34.1201522,-83.5896853
779107,34.1206886,-83.5866903
779174,34.1226231,-83.5822807
781101,33.9484012,-84.5860392
781104,33.9859246,-84.5268882
781106,33.9447634,-84.5258814
781188,33.9435459,-84.5779799
781194,33.9176896,-84.5589895
781203,33.9548006,-84.5593989
781294,33.9720127,-84.5175649
781303,33.9444449,-84.5275435
784111,31.1129895,-84.1645338
784201,31.1248901,-84.1554672
785105,34.2641963,-85.2065464
785173,34.36888,-85.2192448
785193,34.28623,-85.1523115
785275,34.2335546,-85.1607365
785293,34.2875708,-85.1489897
785376,34.2413583,-85.1807409
786100,33.6602078,-83.710407
786103,33.6601074,-83.730758
786200,33.6575678,-83.7201211
786300,33.6589597,-83.7295432
791101,34.5401435,-85.3240989
791201,34.5401435,-85.3240989
791301,34.5387559,-85.3256161
792101,30.898887,-83.2839632
792103,30.8675518,-83.2909011
792106,30.8227409,-83.2346241
792117,30.8252737,-83.2678276
792195,30.8672948,-83.2507262
792273,30.869131,-83.2345823
792309,30.8369222,-83.2978382
793173,32.2451187,-82.4104586
793273,32.2272464,-82.4240239
6011050,31.8761953,-82.3620988
6015050,31.5725413,-82.220789
6033050,31.536761,-82.454204
6071050,34.0097898,-83.8241821
6073052,34.0041142,-83.7286508
6074050,34.0145464,-83.6871951
6075050,33.9651308,-83.590798
6082052,34.1193805,-84.76508
6105050,31.2344825,-83.2436178
6111005,32.851915,-83.6861464
6111050,32.8327474,-83.6449013
6111054,32.8140614,-83.5677185
6111067,32.7370949,-83.692083
6111105,32.9048965,-83.7207749
6111205,32.8782296,-83.7570125
6111305,32.8916405,-83.6939748
6111306,32.8595435,-83.6001621
6111307,32.7820111,-83.6902683
6111309,32.8138915,-83.7139774
6112060,32.8207861,-83.6791373
6113060,32.7234306,-83.6870289
6113067,32.8210302,-83.6527141
6115050,32.861437,-83.602274
6121050,32.3930137,-83.342118
6131050,31.1963824,-82.0277718
6132050,31.1875911,-82.1310286
6133050,31.1929985,-81.9831164
6162050,32.4537223,-81.7979244
6162054,32.4436178,-81.7629788
6163054,32.285677,-81.4708926
6164052,32.5377832,-81.9364317
6165050,32.4695005,-81.7866479
6165054,32.4196,-81.7529328
6172056,33.0811044,-81.9938736
6221054,33.7401743,-85.0376529
6222050,33.5270378,-85.2494051
6222052,33.5531052,-85.0683962
6223050,33.5386068,-85.2608476
6225050,33.5404198,-85.069437
6225052,33.6390366,-84.9709448
6225054,33.7269391,-84.9465249
6231050,34.9246781,-85.1854372
6231052,34.946834,-85.2352099
6231054,34.9626657,-85.2258937
6232552,34.9713265,-85.2572897
6233050,34.9644891,-85.2508593
6233052,34.9009876,-85.1419809
6234052,34.921584,-85.1101613
6235050,34.9686369,-85.1552367
6235052,34.924054,-85.1104508
6244050,30.5128805,-82.036506
6251052,31.9661448,-81.1417278
6251056,32.0683763,-81.1060978
6251058,32.0186504,-81.1030142
6251060,32.008217,-80.985182
6251070,32.0302968,-81.1123457
6252052,32.0550422,-81.1163322
6252056,32.0475032,-81.1860319
6252060,32.0666827,-81.0848328
6252062,31.9932575,-81.141066
6252068,32.0638931,-81.0781361
6253056,32.1065816,-81.1568989
6253060,31.9800936,-81.0641675
6253064,32.121178,-81.2520124
6254052,32.1279404,-81.3001816
6254054,32.0468775,-81.0971053
6254056,32.03373,-81.1235937
6254058,31.9773245,-81.1038894
6254068,32.1411611,-81.159805
6254070,31.9747442,-81.1447711
6255052,32.0637406,-81.1251083
6255058,32.0463985,-81.1161599
6255060,32.0221192,-81.0844124
6255062,32.1107214,-81.1621407
6255066,32.0367255,-81.1009586
6255070,31.9756994,-81.1533868
6271050,34.4656542,-85.3581936
6272050,34.4054296,-85.4097449
6272052,34.4593308,-85.3532699
6273050,34.4767878,-85.4746383
6281052,34.3316152,-84.4891649
6282054,34.0963097,-84.6113004
6283052,34.1710429,-84.4235854
6285050,34.2349291,-84.5017352
6285052,34.2499508,-84.3567928
6291058,33.944803,-83.4058629
6291062,33.9814635,-83.436007
6292056,33.9025741,-83.3382761
6292062,33.9699979,-83.289313
6293056,33.9415467,-83.3829036
6293058,33.9897542,-83.3626602
6295056,33.9646803,-83.394176
6295058,33.9307755,-83.3367727
6295556,33.9513227,-83.3897057
6311050,33.6405993,-84.3329228
6311052,33.616623,-84.2701002
6311054,33.6061738,-84.3537942
6311056,33.5425177,-84.3404115
6311058,33.5237851,-84.3559302
6311060,33.6067572,-84.4477057
6311062,33.5715965,-84.360202
6311550,33.52397,-84.3468207
6312052,33.6099636,-84.4423072
6312054,33.6215469,-84.3593394
6312058,33.5882673,-84.3426918
6312060,33.5850886,-84.3923948
6312062,33.6037266,-84.430919
6312554,33.6120989,-84.3738779
6313050,33.6040371,-84.3528083
6313052,33.6050409,-84.4473366
6313054,33.5861375,-84.3530958
6313060,33.5632119,-84.4070483
6314050,33.5634005,-84.4180052
6314056,33.6081437,-84.3549443
6314058,33.5938501,-84.3139762
6314060,33.5150776,-84.345617
6315052,33.6334786,-84.3494089
6315054,33.6386158,-84.3486181
6315056,33.5814558,-84.3183743
6315060,33.534934,-84.375435
6321050,31.0344871,-82.750359
6331052,33.8916644,-84.5363894
6331054,33.8880023,-84.5263148
6331056,33.9302475,-84.4595571
6331060,33.8280376,-84.6439069
6331064,33.8959286,-84.6767196
6331066,33.8838408,-84.5512941
6331067,33.9426693,-84.4944822
6331069,33.9592107,-84.4799996
6332050,33.8824854,-84.4834167
6332056,34.0400616,-84.6488116
6332062,33.8549372,-84.5236115
6332066,33.8919158,-84.5657024
6332560,33.8569448,-84.5223213
6333054,33.8043528,-84.5753098
6333056,33.8345095,-84.6087443
6333058,33.9176143,-84.5474449
6333060,33.8098053,-84.5586006
6333062,33.8964657,-84.5545684
6333064,33.8952369,-84.5779799
6333067,33.8583681,-84.5697952
6333556,33.8709698,-84.6774957
6334050,34.0423442,-84.6474219
6334056,34.0219956,-84.5318847
6334066,33.8063785,-84.5820719
6334068,33.8649014,-84.4857529
6334560,33.8820755,-84.610871
6335050,34.0151556,-84.5474512
6335052,33.9327223,-84.458573
6335056,33.9700229,-84.6672822
6335058,33.8382442,-84.5748699
6335067,33.9461453,-84.4877202
6335068,33.9420952,-84.4777601
6343052,31.6113302,-82.7378751
6345050,31.5136993,-82.8628066
6351554,31.2041722,-83.7588347
6352052,31.2016362,-83.8727309
6352056,31.1554804,-83.7873723
6353050,31.1751879,-83.7913522
6353052,31.1906863,-83.7980773
6353054,31.24666,-83.8057564
6354050,31.1683726,-83.7737703
6354052,31.1268271,-83.9532186
6355054,31.1027875,-83.7972801
6362050,33.4955211,-82.2323529
6362052,33.5058438,-82.1069933
6363052,33.5872,-82.318965
6364050,33.5246034,-82.1473947
6364052,33.4222938,-82.3184811
6365050,33.4454616,-82.1941662
6365052,33.5236191,-82.1059833
6381050,33.4380439,-84.8727541
6381054,33.374077,-84.8169119
6381056,33.3901254,-84.8192347
6382050,33.3669324,-84.7996717
6382052,33.2638702,-84.5793712
6382056,33.4233705,-84.7961251
6383052,33.3833566,-84.8078237
6383054,33.284465,-84.7687662
6385054,33.3645559,-84.810799
6385056,33.3893069,-84.8892037
6402052,31.9553327,-83.7668321
6432050,30.8983926,-84.5563697
6432052,30.9089738,-84.5592351
6433050,30.8833823,-84.477094
6433052,30.8848582,-84.5761551
6434052,30.9049539,-84.5550597
6441010,33.8245013,-84.1997983
6441050,33.778905,-84.2606381
6441052,33.8374653,-84.2222808
6441054,33.7204416,-84.2580461
6441055,33.8692207,-84.2920628
6441056,33.8735151,-84.2404748
6441057,33.7181207,-84.2981895
6441059,33.8282056,-84.2229498
6441061,33.8683385,-84.2187641
6441070,33.8563929,-84.2162698
6441071,33.8413608,-84.3373196
6441101,33.7475579,-84.2460307
6441102,33.8629815,-84.3160271
6441103,33.6968143,-84.3017681
6442050,33.7789346,-84.2125538
6442054,33.7278816,-84.2505162
6442055,33.7931209,-84.3167891
6442056,33.7780841,-84.3158053
6442058,33.8554855,-84.2591981
6442059,33.7977771,-84.2384067
6442061,33.8038334,-84.2617901
6442062,33.8578376,-84.2346097
6442065,33.8931313,-84.2729282
6442068,33.8141437,-84.1679438
6443050,33.8739491,-84.3220323
6443051,33.8391117,-84.2697299
6443052,33.7216447,-84.2203459
6443053,33.9278686,-84.295928
6443055,33.7799439,-84.2287852
6443056,33.706787,-84.2846194
6443057,33.8090145,-84.2042049
6443059,33.8099042,-84.2259859
6443060,33.8455091,-84.2849073
6443063,33.836768,-84.2885674
6443064,33.8909804,-84.2367706
6443065,33.760061,-84.080138
6443067,33.8374824,-84.1598358
6443069,33.7267195,-84.2789438
6443070,33.7039066,-84.3251147
6444051,33.8101037,-84.3383057
6444052,33.6512156,-84.1271045
6444053,33.7933901,-84.2373468
6444054,33.8441163,-84.3376894
6444058,33.9183314,-84.2812881
6444059,33.7162755,-84.2836735
6444060,33.8156153,-84.2762908
6444062,33.8479799,-84.3196074
6444063,33.9024927,-84.258393
6444064,33.7047578,-84.2249979
6444065,33.758435,-84.2232195
6444067,33.7320078,-84.2466068
6444068,33.7080076,-84.1205375
6444069,33.7469282,-84.2371822
6445016,33.8279112,-84.2878683
6445050,33.7738799,-84.2618965
6445052,33.897819,-84.307338
6445055,33.9455218,-84.3152504
6445057,33.8601257,-84.2730208
6445058,33.9115584,-84.3036269
6445059,33.9482503,-84.2972438
6445062,33.9097395,-84.3322654
6445064,33.7459532,-84.1359693
6445065,33.8328744,-84.3040277
6445067,33.7015791,-84.2259036
6471058,31.5585993,-84.1679541
6472052,31.5673206,-84.1003373
6472058,31.550525,-84.133115
6473058,31.6061395,-84.1743202
6473062,31.5771417,-84.0999042
6474054,31.5960577,-84.2091053
6474056,31.5875816,-84.1882449
6474060,31.6077959,-84.1985627
6474062,31.5898921,-84.2181638
6475056,31.5547963,-84.0975733
6475058,31.5324711,-84.1281545
6475062,31.5625466,-84.2030106
6481054,33.7281094,-84.8192347
6482050,33.7746193,-84.7027868
6482054,33.7821819,-84.6598456
6483052,33.7864918,-84.660908
6483550,33.6949918,-84.7175458
6484050,33.7431964,-84.7433905
6484052,33.741248,-84.6835413
6485050,33.7579752,-84.7469811
6485052,33.7958412,-84.6571207
6492050,31.3739014,-84.9404097
6501050,30.6993135,-83.0247246
6514050,32.2963151,-81.2045448
6532050,32.5806949,-82.1549601
6542050,32.1631895,-81.9174164
6543050,32.1521027,-81.9093995
6551050,34.8682931,-84.3271696
6561052,33.4082083,-84.5906333
6571050,34.2601007,-85.2331673
6572052,34.2841726,-85.2391736
6573050,34.1114319,-85.3346898
6574054,34.180128,-85.1762466
6575050,34.2633732,-85.304089
6581050,34.1131719,-84.1780076
6581052,34.1582558,-84.2340026
6585050,34.2171238,-84.142854
6591052,34.2887379,-83.1148346
6592050,34.364205,-83.2330765
6593050,34.3613666,-83.211445
6595050,34.4305507,-83.0918316
6601010,33.6575135,-84.6145318
6601050,34.081725,-84.3015198
6601067,34.0379774,-84.3685804
6601110,33.6164405,-84.6338509
6601210,34.1448239,-84.3408942
6601310,33.9777457,-84.3533012
6601312,33.6761193,-84.4740708
6601313,33.6761193,-84.4740708
6601315,33.6555149,-84.4564817
6601316,34.030445,-84.351048
6601317,33.6358386,-84.5874891
6601319,34.0566551,-84.3597091
6601320,33.6154439,-84.471191
6602058,33.5931128,-84.4818181
6602070,33.5723206,-84.5747471
6602550,33.6464666,-84.4958346
6603056,33.9096914,-84.4265395
6603058,33.6277246,-84.5390101
6603064,33.6784073,-84.4250625
6603066,33.9169135,-84.4171845
6604056,33.8990503,-84.3701409
6604060,34.036083,-84.331346
6604062,33.9581455,-84.3632413
6604069,33.5724152,-84.6199496
6605052,33.6850173,-84.4568508
6605060,33.6644429,-84.4788669
6605069,33.6893717,-84.5757702
6631052,31.2098002,-81.482734
6631056,31.1364243,-81.3878837
6633552,31.1872515,-81.4895106
6634052,31.1584673,-81.4880524
6634752,31.1476201,-81.4900336
6635052,31.17359,-81.4750131
6641050,34.4570996,-84.9148295
6642050,34.4396737,-84.6977948
6651050,30.8726765,-84.1994276
6651054,30.8811377,-84.328469
6651550,30.8872206,-84.2101026
6652050,30.8723718,-84.2042733
6653050,31.0128167,-84.2041293
6671005,33.9677858,-83.8986466
6671010,33.8754987,-83.9603694
6671012,33.8417362,-83.9434588
6671013,33.9506767,-84.1215788
6671014,34.0696301,-84.0566537
6671015,33.959854,-83.966654
6671016,33.7755485,-84.0499465
6671017,34.0314733,-84.0621663
6671018,34.084315,-84.0392315
6671019,33.9530201,-84.0601837
6671020,34.0133151,-84.1704676
6671050,33.906979,-84.1148435
6671052,33.9969329,-83.93721
6671056,33.8867901,-84.1438743
6671058,33.90011,-84.195484
6671105,33.9253216,-84.0707517
6671110,33.9025085,-83.9656617
6671112,33.9392666,-84.0215341
6671114,33.9564492,-84.2142111
6671115,34.0061319,-84.0691423
6671205,34.0753457,-83.8715396
6671210,33.900489,-83.9669848
6671214,33.9840954,-83.9716481
6671215,33.9560886,-84.2157758
6671305,33.9260362,-83.9993897
6671310,34.1460862,-84.0659586
6671405,34.0710136,-84.0711644
6671410,34.0514333,-83.9544284
6671505,33.9441423,-84.1400966
6671510,34.0789405,-84.0611756
6671605,33.9595685,-84.1460694
6671610,34.0456084,-83.9464748
6671710,33.916173,-83.8940107
6671810,34.0251053,-83.9881491
6671811,33.9489941,-84.0665417
6671812,33.9016656,-84.2237629
6671813,33.9634683,-83.9652769
6671814,33.9553504,-84.0345856
6671815,34.0038445,-84.1426815
6671816,33.9399038,-84.2023368
6671817,33.9636465,-84.004297
6671818,33.9511342,-84.2228263
6672050,33.9260308,-84.0857423
6672052,33.8921789,-83.956896
6672054,34.0971597,-83.979552
6672056,33.8400378,-84.1148153
6672058,33.8341357,-84.0030259
6672558,33.85381,-84.0073229
6673050,33.853516,-84.010215
6673550,33.8616557,-84.1159598
6673750,33.9481266,-84.0002161
6674052,33.9906239,-83.9007988
6674056,33.9457059,-84.2072934
6674058,33.941007,-84.2021862
6674556,34.0854513,-84.0710286
6675054,33.9452241,-83.9953684
6675056,33.9631453,-84.2366883
6675058,34.0487148,-84.054653
6675550,34.0092045,-84.1441732
6675554,33.8919898,-84.1529942
6681050,34.4890664,-83.5398745
6682052,34.5667098,-83.493128
6683054,32.1657058,-82.899506
6685050,34.5688444,-83.5807327
6685052,34.573519,-83.446753
6691058,34.3118741,-83.7756366
6691552,34.3345237,-83.7418685
6691556,34.4253233,-83.8553321
6692052,34.2010456,-83.9276955
6692056,34.226057,-83.8806807
6693054,34.4004361,-83.8899541
6693056,34.3334667,-83.8120804
6694050,34.1643869,-83.8572426
6694054,34.3912494,-83.6616893
6694056,34.3431522,-83.8949214
6694556,34.2234241,-83.8591478
6694752,34.2225145,-83.8592611
6695052,34.2634529,-83.8535148
6695054,34.2748312,-83.885214
6695056,34.2744782,-83.7281026
6712050,33.8060428,-85.1891139
6713050,33.7651293,-85.2444477
6714050,33.7712838,-85.2976899
6733050,34.3483411,-82.9228432
6735050,34.349659,-82.928048
6741050,33.363742,-85.1069011
6742050,33.4059077,-85.2529634
6751050,33.6092715,-84.2281266
6752050,33.3902917,-84.2875804
6752552,33.536968,-84.2362561
6753050,33.4473361,-84.1468616
6753052,33.5432349,-84.2308434
6754050,33.4473361,-84.1468616
6755050,33.3387396,-84.1086286
6755052,33.557985,-84.2217868
6761050,32.5471827,-83.6007074
6761052,32.6350021,-83.6448974
6761054,32.4674961,-83.7258077
6762050,32.629238,-83.6880989
6762052,32.626998,-83.6307984
6762054,32.4643689,-83.7099088
6762058,32.621436,-83.624168
6763052,32.6249051,-83.6292558
6763056,32.4487546,-83.7218645
6763550,32.4553573,-83.6531712
6764050,32.6394469,-83.615973
6764054,32.5962695,-83.6351339
6764056,32.6100144,-83.6138899
6765050,32.6146762,-83.6390411
6765054,32.6031256,-83.6506779
6765056,32.5978256,-83.6548229
6772050,31.5779383,-83.2393537
6782550,34.2450457,-83.5562227
6783050,34.1780735,-83.6965331
6784050,34.0674864,-83.476816
6811050,32.8641691,-82.4005614
6811550,33.00528,-82.4064959
6813550,33.2132835,-82.396499
6821050,32.8088275,-81.9401961
6841550,33.0166662,-83.7126783
6863050,31.0387107,-83.0755703
6872054,32.4890122,-82.9494836
6921050,30.6875913,-83.3170577
6921052,30.7932684,-83.2623658
6923050,30.9906119,-83.3666677
6924050,30.6864281,-83.1837353
6925050,30.8383034,-83.3263312
6931050,34.5426635,-83.9908333
6932050,34.5433679,-83.9909169
6942060,32.2905121,-84.020047
6951050,34.0401623,-83.2272305
6951052,34.0886348,-83.15732
6952050,34.0702286,-83.1287011
6954050,34.1754764,-83.2934922
6955050,34.1189156,-83.2109984
6974050,33.4595776,-82.5040161
6994050,32.8590513,-84.6190499
6995050,32.8598852,-84.6158479
7041050,33.5983499,-83.4506204
7043050,33.5959185,-83.4552684
7045050,33.6047,-83.4715235
7051050,34.7679984,-84.7771659
7051052,34.7549148,-84.8135295
7055050,34.876507,-84.7979432
7061058,32.4544822,-84.9211793
7061062,32.465179,-84.88563
7061064,32.4676875,-84.8884309
7061066,32.5012581,-84.9101273
7062050,32.5142708,-84.963751
7062052,32.5376187,-84.9358208
7062054,32.4923309,-84.9487916
7062058,32.5579473,-84.9746023
7062062,32.4979658,-84.9480616
7062064,32.4098519,-84.9669213
7062066,32.4914882,-84.9478463
7062067,32.4678391,-84.9176811
7063054,32.4803488,-84.9634665
7063056,32.5271818,-84.9547677
7063060,32.4873079,-84.8813447
7063066,32.4736286,-84.945417
7063068,32.4436395,-84.9203251
7063069,32.5215276,-84.8844776
7064056,32.4572807,-84.965702
7064058,32.4681005,-84.9175997
7064062,32.4982176,-84.9681258
7064064,32.5574045,-84.8412351
7064065,32.5148528,-84.9606619
7064066,32.5128559,-84.9857765
7064067,32.4170194,-84.949686
7064070,32.4717667,-84.9591711
7065052,32.459659,-84.945046
7065056,32.4442489,-84.9069816
7065058,32.4147507,-84.9503072
7065060,32.5034142,-84.9282972
7065062,32.4963733,-84.9710464
7065069,32.477213,-84.8931466
7071050,33.5444054,-83.7948355
7073050,33.5383385,-83.9506931
7074050,33.5208346,-83.733683
7074550,33.4682516,-83.8483785
7075050,33.586339,-83.8987294
7081050,33.8715318,-83.4440124
7083050,33.8479725,-83.4090777
7092050,33.883562,-83.1256527
7101050,33.9165301,-84.8314073
7102052,33.8107236,-84.8949355
7102352,33.9276418,-84.8453897
7102552,33.8924805,-84.8339026
7104052,33.8397855,-84.9807337
7105050,33.8792625,-84.7534273
7111050,32.6496028,-83.7515361
7112052,32.5672136,-83.9075862
7134050,31.3833735,-82.1470122
7155050,34.019752,-85.2223866
7162050,32.281282,-83.4903576
7163050,32.2825121,-83.4838048
7202050,31.7815134,-84.7988138
7211052,33.4195912,-82.0162329
7211054,33.5097583,-82.0120171
7211058,33.4833389,-82.042874
7211062,33.4007095,-82.033945
7211064,33.4632981,-81.9849279
7211065,33.3928889,-82.058739
7211156,33.3020667,-82.0926278
7212050,33.4410967,-82.0875232
7212052,33.471922,-82.0679627
7212054,33.4272077,-82.0651542
7212056,33.3024086,-82.0966262
7212058,33.4963976,-82.0406817
7212064,33.5062114,-82.0602497
7212574,33.516394,-82.0500461
7213050,33.4490821,-82.0532276
7213054,33.427153,-82.068229
7213556,33.4661367,-81.9811292
7213756,33.4553344,-82.0003479
7214050,33.2988773,-82.2075557
7214054,33.370187,-82.025069
7214058,33.468134,-82.0156137
7214060,33.4735522,-82.0057455
7214062,33.5729579,-82.2503125
7214562,33.473848,-81.975896
7214762,33.4346368,-82.0586751
7215054,33.4117585,-82.0142315
7215058,33.455374,-82.0023071
7215564,33.4895104,-82.0386411
7215566,33.4674734,-81.9822408
7222050,33.6326985,-83.9917033
7222052,33.6862118,-84.0059054
7223052,33.6667724,-84.0083972
7225050,33.721826,-84.0069095
7244052,32.7353704,-81.6329625
7261050,33.2368775,-84.277607
7261052,33.256805,-84.240105
7261550,33.2713112,-84.2594038
7261750,33.3214808,-84.2951879
7262050,33.2326645,-84.263518
7262552,33.2579033,-84.2616667
7264052,33.2530241,-84.2927721
7275050,34.5542509,-83.2912521
7351051,31.7735001,-84.4465826
7365050,30.865103,-83.949088
7371052,31.4375891,-83.510977
7372050,31.469744,-83.526611
7373050,31.471943,-83.501068
7373052,31.4698588,-83.4758108
7374050,31.3430286,-83.60184
7374052,31.4432208,-83.5212633
7375050,31.4459426,-83.4960234
7384050,32.2074865,-82.3215763
7411052,33.0451581,-85.0336377
7413050,33.1226609,-85.0395338
7415050,32.961049,-84.9489059
7415052,33.0210094,-85.0458351
7421050,31.709786,-83.6491861
7423050,31.7058835,-83.6415764
7441050,34.8756361,-83.9497833
7443050,34.6926018,-84.0244668
7462052,34.9747348,-85.3590815
7462056,34.6924828,-85.2126357
7464050,34.9344787,-85.3468926
7465052,34.9619268,-85.3074014
7472052,33.873079,-83.7548511
7483050,31.1904209,-82.3196683
7483052,31.2509639,-82.4781102
7485050,31.2492486,-82.3773946
7493050,33.4106134,-82.6685548
7501052,32.9694374,-82.804135
7502050,32.9683389,-82.7881341
7504050,32.9683389,-82.7881341
7511050,31.5815634,-81.8786267
7511052,31.4865304,-82.0213852
7513050,31.6704171,-82.0315876
7531052,32.1492493,-82.7819212
7531053,32.1539075,-82.7761731
7533052,32.1539075,-82.7761731
7551050,34.7410549,-84.9340204
7551052,34.7581917,-84.9283378
7551054,34.8965381,-84.9428961
7552050,34.9611486,-84.9488322
7552052,34.8310391,-84.9457423
7552054,34.7832285,-85.0494877
7553050,34.8199025,-84.8778427
7553052,34.8459551,-85.0450233
7554050,34.7334467,-85.0006854
7554052,34.6807501,-84.9867922
7581050,32.8153965,-83.1571516
7583050,32.8169554,-83.196691
7611053,33.8046086,-84.4618587
7611063,33.6807254,-84.409839
7611064,33.7252413,-84.3978133
7611066,33.8188365,-84.3891312
7611068,33.7761441,-84.5038274
7611208,33.7466349,-84.3811047
7611409,33.6996092,-84.4889602
7611410,33.7886235,-84.4796867
7611411,33.7743805,-84.4491821
7611412,33.6710072,-84.3616806
7611413,33.7205643,-84.3870819
7611414,33.7608824,-84.4120103
7611415,33.7719483,-84.4438706
7611416,33.731034,-84.4413074
7611417,33.7682344,-84.3748223
7611418,33.7743805,-84.4491821
7611419,33.7666559,-84.448649
7611560,33.832584,-84.380374
7611563,33.7824558,-84.3623378
7611567,33.8581814,-84.3754839
7611664,33.7966344,-84.3528083
7612053,33.8300459,-84.4158098
7612062,33.7571207,-84.3724817
7612560,33.7302079,-84.4056118
7612563,33.8737509,-84.4229905
7612564,33.7695947,-84.340771
7612569,33.7396648,-84.4887653
7612664,33.7451797,-84.3311147
7613051,33.7319166,-84.4640483
7613057,33.6786016,-84.4916546
7613059,33.7588249,-84.5005941
7613065,33.7492131,-84.4789079
7613067,33.8327731,-84.4065063
7613559,33.6974382,-84.5162179
7613566,33.803378,-84.471701
7614056,33.6826722,-84.3922306
7614058,33.7611366,-84.4682084
7614063,33.7487739,-84.421616
7614066,33.7180523,-84.3923743
7614560,33.7806591,-84.3706337
7615051,33.7166033,-84.364802
7615066,33.7279249,-84.3821312
7615067,33.7043013,-84.3548373
7615558,33.7412855,-84.401286
7615562,33.6719828,-84.3764238
7615566,33.7519079,-84.4407011
7615567,33.7547753,-84.3278271
7632050,33.7287747,-85.1527571
7653050,34.5004201,-84.9559466
7661050,33.5650651,-85.0827965
7661550,33.5590247,-85.0812146
7672050,34.1700329,-84.789643
7691050,34.8718564,-85.2959687
7711050,34.1933897,-83.4619377
7721050,34.7550415,-84.9728955
7721052,34.775606,-84.9496453
7724050,34.7792638,-84.9861421
7731552,33.7680235,-84.2990118
7733050,33.7708943,-84.2971204
7762050,34.3235663,-83.8231047
7762550,34.3001806,-83.8135725
7763050,34.2993775,-83.8439874
7793050,34.1233987,-83.5855255
7812052,33.9489985,-84.5322942
7813050,33.9376886,-84.5652931
7815052,33.9570892,-84.5630419
7843050,31.1172776,-84.1604744
7852054,34.2704078,-85.2325064
7854052,34.2663327,-85.1418594
7893050,30.8443849,-83.9721112
7893052,30.842946,-83.9738474
7894050,30.8301868,-83.9834435
7894052,30.8411207,-83.971119
7895050,30.8248281,-83.9687212
7921052,30.8591548,-83.2633123
7932050,32.2214011,-82.3986167
7935050,32.2053294,-82.403233
7820108108,34.6047536,-83.7697679
7820120120,33.6157694,-84.4462238
7820121121,33.5732589,-84.4073507
7820212212,34.1623391,-84.5345876
7820412412,33.9992434,-84.0894939
7820612612,33.7461709,-84.327485
7820613613,34.1190614,-83.2085178
7820614614,34.0591613,-84.3139284
7820615615,30.8688276,-83.2458751
7820616616,33.2485562,-82.0956905
7820618618,32.3951008,-82.0651435
7820617617,33.5773966,-84.413676
7830103103,32.453594,-81.7742914
7830210210,31.560805,-84.72523
7830310310,33.675227,-84.444495
7830410410,33.7623595,-84.5087116
7830610610,33.296698,-84.5884372
7830611611,32.8249583,-83.6618139
7830612612,31.7629798,-84.6165964
7830613613,33.9560886,-84.2157758
7830614614,33.2919947,-84.4611563
7830615615,33.7159371,-84.3546579
7830616616,33.7159371,-84.3546579
7830617617,33.6607043,-84.4460081
7830618618,33.5547867,-82.1677727
7830619619,33.9008938,-84.5420995
7830620620,33.9693044,-84.2282501
7830621621,33.7466882,-84.425396
79918931893,33.8034517,-84.2400427
601103,31.7583796,-82.3540047
